DateTime,SN,ModelName,TypeModel,DeviceName,Result,F4,Caps,Num,Close-F4,Close-Caps,KBLight,KB-Close,Power,Charge-White,Charge-Yellow,N-Camera
2026-02-22 00:00:08,BBVLPH4,JD16ARL,0_0,A1B-A,Pass,5_200,5_200,5_200,0_3,0_3,,,50_200,10_400,10_200,5_300
2026-02-22 00:00:45,FBVLPH4,JD16ARL,0_0,A1B-A,Pass,5_200,5_200,5_200,0_3,0_3,,,50_200,10_400,10_200,5_300
2026-02-22 00:01:43,94CLPH4,JD16ARL,0_1,A1B-A,Pass,5_200,5_200,5_200,0_3,0_3,,,,10_400,10_400,5_300
2026-02-22 00:02:23,GYT4QH4,JD16ARL,0_1,A1B-A,Pass,5_200,5_200,5_200,0_3,0_3,,,,10_400,10_400,5_300
2026-02-22 00:03:16,CBYLPH4,JD16ARL,1_1,A1B-A,Pass,5_200,5_200,5_200,0_10,0_3,500_5000,0_5,,10_400,10_200,5_300
2026-02-22 00:03:50,3DS4QH4,JD16ARL,1_0,A1B-A,Pass,5_200,5_200,5_200,0_10,0_3,500_5000,0_5,20_300,5_400,10_400,5_300
2026-02-22 00:04:29,8M9LPH4,JD16ARL,0_0,A1B-A,Pass,5_200,5_200,5_200,0_3,0_3,,,50_200,10_400,10_200,5_300
2026-02-22 00:05:09,74CLPH4,JD16ARL,0_1,A1B-A,Pass,5_200,5_200,5_200,0_3,0_3,,,,10_400,10_400,5_300
2026-02-22 00:05:43,7DS4QH4,JD16ARL,1_0,A1B-A,Pass,5_200,5_200,5_200,0_10,0_3,500_5000,0_5,20_300,5_400,10_400,5_300
2026-02-22 00:06:20,9DS4QH4,JD16ARL,1_0,A1B-A,Pass,5_200,5_200,5_200,0_10,0_3,500_5000,0_5,20_300,5_400,10_400,5_300
2026-02-22 00:06:57,BDS4QH4,JD16ARL,1_0,A1B-A,Pass,5_200,5_200,5_200,0_10,0_3,500_5000,0_5,20_300,5_400,10_400,5_300
2026-02-22 00:07:38,24CLPH4,JD16ARL,0_1,A1B-A,Pass,5_200,5_200,5_200,0_3,0_3,,,,10_400,10_400,5_300
2026-02-22 00:08:15,DBVLPH4,JD16ARL,0_0,A1B-A,Pass,5_200,5_200,5_200,0_3,0_3,,,50_200,10_400,10_200,5_300
2026-02-22 00:08:49,GDS4QH4,JD16ARL,1_0,A1B-A,Pass,5_200,5_200,5_200,0_10,0_3,500_5000,0_5,20_300,5_400,10_400,5_300
2026-02-22 00:09:25,DDS4QH4,JD16ARL,1_0,A1B-A,Pass,5_200,5_200,5_200,0_10,0_3,500_5000,0_5,20_300,5_400,10_400,5_300
2026-02-22 00:10:03,1FS4QH4,JD16ARL,1_0,A1B-A,Pass,5_200,5_200,5_200,0_10,0_3,500_5000,0_5,20_300,5_400,10_400,5_300
2026-02-22 00:10:39,3FS4QH4,JD16ARL,1_0,A1B-A,Pass,5_200,5_200,5_200,0_10,0_3,500_5000,0_5,20_300,5_400,10_400,5_300
2026-02-22 00:11:20,H4CLPH4,JD16ARL,0_1,A1B-A,Pass,5_200,5_200,5_200,0_3,0_3,,,,10_400,10_400,5_300
2026-02-22 00:11:54,2FS4QH4,JD16ARL,1_0,A1B-A,Pass,5_200,5_200,5_200,0_10,0_3,500_5000,0_5,20_300,5_400,10_400,5_300
2026-02-22 00:12:30,8FS4QH4,JD16ARL,1_0,A1B-A,Pass,5_200,5_200,5_200,0_10,0_3,500_5000,0_5,20_300,5_400,10_400,5_300
2026-02-22 00:13:09,5M9LPH4,JD16ARL,0_0,A1B-A,Pass,5_200,5_200,5_200,0_3,0_3,,,50_200,10_400,10_200,5_300
2026-02-22 00:13:44,9FS4QH4,JD16ARL,1_0,A1B-A,Pass,5_200,5_200,5_200,0_10,0_3,500_5000,0_5,20_300,5_400,10_400,5_300
2026-02-22 00:14:23,6FS4QH4,JD16ARL,1_0,A1B-A,Pass,5_200,5_200,5_200,0_10,0_3,500_5000,0_5,20_300,5_400,10_400,5_300
2026-02-22 00:15:03,FFS4QH4,JD16ARL,1_0,A1B-A,Pass,5_200,5_200,5_200,0_10,0_3,500_5000,0_5,20_300,5_400,10_400,5_300
2026-02-22 00:15:40,HFS4QH4,JD16ARL,1_0,A1B-A,Pass,5_200,5_200,5_200,0_10,0_3,500_5000,0_5,20_300,5_400,10_400,5_300
2026-02-22 00:16:17,CFS4QH4,JD16ARL,1_0,A1B-A,Pass,5_200,5_200,5_200,0_10,0_3,500_5000,0_5,20_300,5_400,10_400,5_300
2026-02-22 00:16:58,3MZ4QH4,JADE16,0_0,A1B-A,Pass,5_200,5_200,5_200,0_3,0_3,,,50_200,10_400,10_200,5_300
2026-02-22 00:17:33,4FS4QH4,JD16ARL,1_0,A1B-A,Pass,5_200,5_200,5_200,0_10,0_3,500_5000,0_5,20_300,5_400,10_400,5_300
2026-02-22 00:18:12,19Q4QH4,JD16ARL,1_0,A1B-A,Pass,5_200,5_200,5_200,0_10,0_3,500_5000,0_5,20_300,5_400,10_400,5_300
2026-02-22 00:20:35,45Q4QH4,JD16ARL,1_0,A1B-A,Pass,5_200,5_200,5_200,0_10,0_3,500_5000,0_5,20_300,5_400,10_400,5_300
2026-02-22 00:21:15,7BYLPH4,JD16ARL,1_1,A1B-A,Pass,5_200,5_200,5_200,0_10,0_3,500_5000,0_5,,10_400,10_200,5_300
2026-02-22 00:22:10,J3CLPH4,JD16ARL,0_1,A1B-A,Fail_Charge-white,5_200,5_200,5_200,0_3,0_3,,,,10_400,10_400,5_300
2026-02-22 00:25:02,FRY4QH4,JD16ARLVPR,1_1,A1B-A,Pass,5_200,5_200,5_200,0_10,0_3,500_5000,0_5,,10_400,10_200,5_300
2026-02-22 00:25:42,HRY4QH4,JD16ARLVPR,1_1,A1B-A,Fail_Charge-white_Charge-yellow,5_200,5_200,5_200,0_10,0_3,500_5000,0_5,,10_400,10_200,5_300
2026-02-22 00:26:39,2SY4QH4,JD16ARLVPR,1_1,A1B-A,Pass,5_200,5_200,5_200,0_10,0_3,500_5000,0_5,,10_400,10_200,5_300
2026-02-22 00:32:53,FVQ4QH4,JD16ARL,0_0,A1B-A,Pass,5_200,5_200,5_200,0_3,0_3,,,50_200,10_400,10_200,5_300
2026-02-22 00:33:29,GNY5QH4,JD16ARLVPR,1_0,A1B-A,Pass,5_200,5_200,5_200,0_10,0_3,500_5000,0_5,20_300,5_400,10_400,5_300
2026-02-22 00:40:49,7XV5QH4,JD16ARLVPR,1_1,A1B-A,Pass,5_200,5_200,5_200,0_10,0_3,500_5000,0_5,,10_400,10_200,5_300
2026-02-22 00:41:24,5H06QH4,JD16ARLVPR,1_0,A1B-A,Pass,5_200,5_200,5_200,0_10,0_3,500_5000,0_5,20_300,5_400,10_400,5_300
2026-02-22 00:42:00,8H06QH4,JD16ARLVPR,1_0,A1B-A,Pass,5_200,5_200,5_200,0_10,0_3,500_5000,0_5,20_300,5_400,10_400,5_300
2026-02-22 00:42:36,9H06QH4,JD16ARLVPR,1_0,A1B-A,Pass,5_200,5_200,5_200,0_10,0_3,500_5000,0_5,20_300,5_400,10_400,5_300
2026-02-22 00:43:33,DH06QH4,JD16ARLVPR,1_0,A1B-A,Pass,5_200,5_200,5_200,0_10,0_3,500_5000,0_5,20_300,5_400,10_400,5_300
2026-02-22 00:46:20,2J06QH4,JD16ARLVPR,1_0,A1B-A,Pass,5_200,5_200,5_200,0_10,0_3,500_5000,0_5,20_300,5_400,10_400,5_300
2026-02-22 00:46:56,3J06QH4,JD16ARLVPR,1_0,A1B-A,Pass,5_200,5_200,5_200,0_10,0_3,500_5000,0_5,20_300,5_400,10_400,5_300
2026-02-22 00:55:35,4N56QH4,JD16ARLVPR,0_1,A1B-A,Fail_Num,5_200,5_200,5_200,0_3,0_3,,,,10_400,10_400,5_300
2026-02-22 00:57:54,8J06QH4,JD16ARL,1_0,A1B-A,Pass,5_200,5_200,5_200,0_10,0_3,500_5000,0_5,20_300,5_400,10_400,5_300
2026-02-22 00:58:30,BJ06QH4,JD16ARL,1_0,A1B-A,Pass,5_200,5_200,5_200,0_10,0_3,500_5000,0_5,20_300,5_400,10_400,5_300
2026-02-22 00:59:56,GJ06QH4,JD16ARL,1_0,A1B-A,Pass,5_200,5_200,5_200,0_10,0_3,500_5000,0_5,20_300,5_400,10_400,5_300
2026-02-22 01:00:47,7V06QH4,JD16ARLVPR,1_1,A1B-A,Pass,5_200,5_200,5_200,0_10,0_3,500_5000,0_5,,10_400,10_200,5_300
2026-02-22 01:02:56,J636QH4,JD16ARL,0_0,A1B-A,Pass,5_200,5_200,5_200,0_3,0_3,,,50_200,10_400,10_200,5_300
2026-02-22 01:06:00,GH06QH4,JD16ARLVPR,1_0,A1B-A,Pass,5_200,5_200,5_200,0_10,0_3,500_5000,0_5,20_300,5_400,10_400,5_300
2026-02-22 01:07:01,G426QH4,JADE16,1_0,A1B-A,Pass,5_200,5_200,5_200,0_10,0_3,500_5000,0_5,20_300,5_400,10_400,5_300
2026-02-22 01:07:42,1WY5QH4,JADE16,1_0,A1B-A,Pass,5_200,5_200,5_200,0_10,0_3,500_5000,0_5,20_300,5_400,10_400,5_300
2026-02-22 01:13:03,35CLPH4,JD16ARL,0_1,A1B-A,Pass,5_200,5_200,5_200,0_3,0_3,,,,10_400,10_400,5_300
2026-02-22 01:13:37,4CX5QH4,JADE16,1_0,A1B-A,Pass,5_200,5_200,5_200,0_10,0_3,500_5000,0_5,20_300,5_400,10_400,5_300
2026-02-22 01:14:13,C3Y5QH4,JADE16,1_0,A1B-A,Pass,5_200,5_200,5_200,0_10,0_3,500_5000,0_5,20_300,5_400,10_400,5_300
2026-02-22 01:17:05,3H26QH4,JD16ARLVPR,1_1,A1B-A,Pass,5_200,5_200,5_200,0_10,0_3,500_5000,0_5,,10_400,10_200,5_300
2026-02-22 01:19:05,8H16QH4,JD16DTKRK,1_1,A1B-A,Pass,5_200,5_200,5_200,0_10,0_3,500_5000,0_5,,10_400,10_200,5_300
2026-02-22 01:22:38,8S06QH4,JD16ARLVPR,1_1,A1B-A,Pass,5_200,5_200,5_200,0_10,0_3,500_5000,0_5,,10_400,10_200,5_300
2026-02-22 01:23:44,JH16QH4,JD16DTKRK,1_1,A1B-A,Pass,5_200,5_200,5_200,0_10,0_3,500_5000,0_5,,10_400,10_200,5_300
2026-02-22 01:24:38,HH16QH4,JD16DTKRK,1_1,A1B-A,Pass,5_200,5_200,5_200,0_10,0_3,500_5000,0_5,,10_400,10_200,5_300
2026-02-22 01:25:17,GFS4QH4,JD16ARL,1_0,A1B-A,Pass,5_200,5_200,5_200,0_10,0_3,500_5000,0_5,20_300,5_400,10_400,5_300
2026-02-22 01:25:58,4J16QH4,JD16DTKRK,1_1,A1B-A,Fail_KBlight,5_200,5_200,5_200,0_10,0_3,500_5000,0_5,,10_400,10_200,5_300
2026-02-22 01:27:35,9J16QH4,JD16DTKRK,1_1,A1B-A,Pass,5_200,5_200,5_200,0_10,0_3,500_5000,0_5,,10_400,10_200,5_300
2026-02-22 01:29:01,CJ16QH4,JD16DTKRK,1_1,A1B-A,Pass,5_200,5_200,5_200,0_10,0_3,500_5000,0_5,,10_400,10_200,5_300
2026-02-22 01:31:24,DH16QH4,JD16DTKRK,1_1,A1B-A,Pass,5_200,5_200,5_200,0_10,0_3,500_5000,0_5,,10_400,10_200,5_300
2026-02-22 01:32:04,JJ16QH4,JD16DTKRK,1_1,A1B-A,Pass,5_200,5_200,5_200,0_10,0_3,500_5000,0_5,,10_400,10_200,5_300
2026-02-22 01:33:02,2K16QH4,JD16DTKRK,1_1,A1B-A,Pass,5_200,5_200,5_200,0_10,0_3,500_5000,0_5,,10_400,10_200,5_300
2026-02-22 01:34:03,5K16QH4,JD16DTKRK,1_1,A1B-A,Pass,5_200,5_200,5_200,0_10,0_3,500_5000,0_5,,10_400,10_200,5_300
2026-02-22 01:35:13,7H16QH4,JD16DTKRK,1_1,A1B-A,Pass,5_200,5_200,5_200,0_10,0_3,500_5000,0_5,,10_400,10_200,5_300
2026-02-22 01:36:43,9K16QH4,JD16DTKRK,1_1,A1B-A,Pass,5_200,5_200,5_200,0_10,0_3,500_5000,0_5,,10_400,10_200,5_300
2026-02-22 01:37:58,GK16QH4,JD16DTKRK,1_1,A1B-A,Pass,5_200,5_200,5_200,0_10,0_3,500_5000,0_5,,10_400,10_200,5_300
2026-02-22 01:38:38,8K16QH4,JD16DTKRK,1_1,A1B-A,Fail_KBlight,5_200,5_200,5_200,0_10,0_3,500_5000,0_5,,10_400,10_200,5_300
2026-02-22 01:39:18,JK16QH4,JD16DTKRK,1_1,A1B-A,Pass,5_200,5_200,5_200,0_10,0_3,500_5000,0_5,,10_400,10_200,5_300
2026-02-22 01:39:52,2H06QH4,JD16ARLVPR,1_0,A1B-A,Pass,5_200,5_200,5_200,0_10,0_3,500_5000,0_5,20_300,5_400,10_400,5_300
2026-02-22 01:43:32,6L16QH4,JD16DTKRK,1_1,A1B-A,Pass,5_200,5_200,5_200,0_10,0_3,500_5000,0_5,,10_400,10_200,5_300
2026-02-22 01:44:12,8L16QH4,JD16DTKRK,1_1,A1B-A,Pass,5_200,5_200,5_200,0_10,0_3,500_5000,0_5,,10_400,10_200,5_300
2026-02-22 01:51:01,9YT4QH4,JD16ARL,0_1,A1B-A,Pass,5_200,5_200,5_200,0_3,0_3,,,,10_400,10_400,5_300
2026-02-22 01:51:40,FPC5QH4,JD16DTHPT1,1_0,A1B-A,Pass,5_200,5_200,5_200,0_10,0_3,500_5000,0_5,20_300,5_400,10_400,5_300
2026-02-22 01:53:00,14Y5QH4,JADE16,1_0,A1B-A,Pass,5_200,5_200,5_200,0_10,0_3,500_5000,0_5,20_300,5_400,10_400,5_300
2026-02-22 01:54:07,4QC5QH4,JD16DTHPT1,1_0,A1B-A,Pass,5_200,5_200,5_200,0_10,0_3,500_5000,0_5,20_300,5_400,10_400,5_300
2026-02-22 01:54:42,6QC5QH4,JD16DTHPT1,1_0,A1B-A,Pass,5_200,5_200,5_200,0_10,0_3,500_5000,0_5,20_300,5_400,10_400,5_300
2026-02-22 01:56:36,CQC5QH4,JD16DTHPT1,1_0,A1B-A,Pass,5_200,5_200,5_200,0_10,0_3,500_5000,0_5,20_300,5_400,10_400,5_300
2026-02-22 01:57:15,GQC5QH4,JD16DTHPT1,1_0,A1B-A,Pass,5_200,5_200,5_200,0_10,0_3,500_5000,0_5,20_300,5_400,10_400,5_300
2026-02-22 02:00:30,GL16QH4,JD16DTKRK,1_1,A1B-A,Pass,5_200,5_200,5_200,0_10,0_3,500_5000,0_5,,10_400,10_200,5_300
2026-02-22 02:01:16,5RC5QH4,JD16DTHPT1,1_0,A1B-A,Pass,5_200,5_200,5_200,0_10,0_3,500_5000,0_5,20_300,5_400,10_400,5_300
2026-02-22 02:02:21,9PC5QH4,JD16DTHPT1,1_0,A1B-A,Pass,5_200,5_200,5_200,0_10,0_3,500_5000,0_5,20_300,5_400,10_400,5_300
2026-02-22 02:02:59,9RC5QH4,JD16DTHPT1,1_0,A1B-A,Pass,5_200,5_200,5_200,0_10,0_3,500_5000,0_5,20_300,5_400,10_400,5_300
2026-02-22 02:03:36,BRC5QH4,JD16DTHPT1,1_0,A1B-A,Fail_KBlight,5_200,5_200,5_200,0_10,0_3,500_5000,0_5,20_300,5_400,10_400,5_300
2026-02-22 02:05:23,GRC5QH4,JD16DTHPT1,1_0,A1B-A,Pass,5_200,5_200,5_200,0_10,0_3,500_5000,0_5,20_300,5_400,10_400,5_300
2026-02-22 02:06:00,7QC5QH4,JD16DTHPT1,1_0,A1B-A,Pass,5_200,5_200,5_200,0_10,0_3,500_5000,0_5,20_300,5_400,10_400,5_300
2026-02-22 02:06:29,JRC5QH4,JD16DTHPT1,1_0,A1B-A,Pass,5_200,5_200,5_200,0_10,0_3,500_5000,0_5,20_300,5_400,10_400,5_300
2026-02-22 02:07:10,BL16QH4,JD16DTKRK,1_1,A1B-A,Pass,5_200,5_200,5_200,0_10,0_3,500_5000,0_5,,10_400,10_200,5_300
2026-02-22 02:09:54,5SC5QH4,JD16DTHPT1,1_0,A1B-A,Pass,5_200,5_200,5_200,0_10,0_3,500_5000,0_5,20_300,5_400,10_400,5_300
2026-02-22 02:11:34,FZC5QH4,JD16DTHPT1,1_0,A1B-A,Pass,5_200,5_200,5_200,0_10,0_3,500_5000,0_5,20_300,5_400,10_400,5_300
2026-02-22 02:12:13,6SC5QH4,JD16DTHPT1,1_0,A1B-A,Pass,5_200,5_200,5_200,0_10,0_3,500_5000,0_5,20_300,5_400,10_400,5_300
2026-02-22 02:12:50,JZC5QH4,JD16DTHPT1,1_0,A1B-A,Fail_KBlight,5_200,5_200,5_200,0_10,0_3,500_5000,0_5,20_300,5_400,10_400,5_300
2026-02-22 02:13:19,3SC5QH4,JD16DTHPT1,1_0,A1B-A,Pass,5_200,5_200,5_200,0_10,0_3,500_5000,0_5,20_300,5_400,10_400,5_300
2026-02-22 02:16:55,90D5QH4,JD16DTHPT1,1_0,A1B-A,Pass,5_200,5_200,5_200,0_10,0_3,500_5000,0_5,20_300,5_400,10_400,5_300
2026-02-22 02:18:07,D0D5QH4,JD16DTHPT1,1_0,A1B-A,Pass,5_200,5_200,5_200,0_10,0_3,500_5000,0_5,20_300,5_400,10_400,5_300
2026-02-22 02:20:08,J0D5QH4,JD16DTHPT1,1_0,A1B-A,Pass,5_200,5_200,5_200,0_10,0_3,500_5000,0_5,20_300,5_400,10_400,5_300
2026-02-22 02:21:33,31D5QH4,JD16DTHPT1,1_0,A1B-A,Pass,5_200,5_200,5_200,0_10,0_3,500_5000,0_5,20_300,5_400,10_400,5_300
2026-02-22 02:24:53,20D5QH4,JD16DTHPT1,1_0,A1B-A,Pass,5_200,5_200,5_200,0_10,0_3,500_5000,0_5,20_300,5_400,10_400,5_300
2026-02-22 02:28:12,HFX5QH4,JD16DTKRK,1_0,A1B-A,Pass,5_200,5_200,5_200,0_10,0_3,500_5000,0_5,20_300,5_400,10_400,5_300
2026-02-22 02:29:56,2GX5QH4,JD16DTKRK,1_0,A1B-A,Pass,5_200,5_200,5_200,0_10,0_3,500_5000,0_5,20_300,5_400,10_400,5_300
2026-02-22 02:30:57,5GX5QH4,JD16DTKRK,1_0,A1B-A,Pass,5_200,5_200,5_200,0_10,0_3,500_5000,0_5,20_300,5_400,10_400,5_300
2026-02-22 02:32:30,3T16QH4,JD16DTKRK,1_0,A1B-A,Fail_KBlight,5_200,5_200,5_200,0_10,0_3,500_5000,0_5,20_300,5_400,10_400,5_300
2026-02-22 02:33:33,6T16QH4,JD16DTKRK,1_0,A1B-A,Pass,5_200,5_200,5_200,0_10,0_3,500_5000,0_5,20_300,5_400,10_400,5_300
2026-02-22 02:50:25,FFX5QH4,JD16DTKRK,1_0,A1B-A,Pass,5_200,5_200,5_200,0_10,0_3,500_5000,0_5,20_300,5_400,10_400,5_300
2026-02-22 02:51:01,DT16QH4,JD16DTKRK,1_0,A1B-A,Pass,5_200,5_200,5_200,0_10,0_3,500_5000,0_5,20_300,5_400,10_400,5_300
2026-02-22 02:52:00,GT16QH4,JD16DTKRK,1_0,A1B-A,Pass,5_200,5_200,5_200,0_10,0_3,500_5000,0_5,20_300,5_400,10_400,5_300
2026-02-22 02:54:13,3V16QH4,JD16DTKRK,1_0,A1B-A,Pass,5_200,5_200,5_200,0_10,0_3,500_5000,0_5,20_300,5_400,10_400,5_300
2026-02-22 02:55:20,8T16QH4,JD16DTKRK,1_0,A1B-A,Pass,5_200,5_200,5_200,0_10,0_3,500_5000,0_5,20_300,5_400,10_400,5_300
2026-02-22 03:08:29,7V16QH4,JD16DTKRK,1_0,A1B-A,Pass,5_200,5_200,5_200,0_10,0_3,500_5000,0_5,20_300,5_400,10_400,5_300
2026-02-22 03:09:43,2V16QH4,JD16DTKRK,1_0,A1B-A,Fail_Charge-white_Charge-yellow,5_200,5_200,5_200,0_10,0_3,500_5000,0_5,20_300,5_400,10_400,5_300
2026-02-22 03:10:55,CV16QH4,JD16DTKRK,1_0,A1B-A,Pass,5_200,5_200,5_200,0_10,0_3,500_5000,0_5,20_300,5_400,10_400,5_300
2026-02-22 03:18:40,BW16QH4,JD16DTKRK,1_0,A1B-A,Pass,5_200,5_200,5_200,0_10,0_3,500_5000,0_5,20_300,5_400,10_400,5_300
2026-02-22 03:20:20,JW16QH4,JD16DTKRK,1_0,A1B-A,Pass,5_200,5_200,5_200,0_10,0_3,500_5000,0_5,20_300,5_400,10_400,5_300
2026-02-22 03:20:51,JV16QH4,JD16DTKRK,1_0,A1B-A,Pass,5_200,5_200,5_200,0_10,0_3,500_5000,0_5,20_300,5_400,10_400,5_300
2026-02-22 03:21:27,GV16QH4,JD16DTKRK,1_0,A1B-A,Pass,5_200,5_200,5_200,0_10,0_3,500_5000,0_5,20_300,5_400,10_400,5_300
2026-02-22 03:22:07,FV16QH4,JD16DTKRK,1_0,A1B-A,Fail_Caps_KBlight,5_200,5_200,5_200,0_10,0_3,500_5000,0_5,20_300,5_400,10_400,5_300
2026-02-22 03:22:44,3M05QH4,JD16ARL,1_0,A1B-A,Pass,5_200,5_200,5_200,0_10,0_3,500_5000,0_5,20_300,5_400,10_400,5_300
2026-02-22 03:23:22,60D5QH4,JD16DTHPT1,1_0,A1B-A,Pass,5_200,5_200,5_200,0_10,0_3,500_5000,0_5,20_300,5_400,10_400,5_300
2026-02-22 03:24:00,5M05QH4,JD16ARL,1_0,A1B-A,Pass,5_200,5_200,5_200,0_10,0_3,500_5000,0_5,20_300,5_400,10_400,5_300
2026-02-22 03:25:46,4W16QH4,JD16DTKRK,1_0,A1B-A,Pass,5_200,5_200,5_200,0_10,0_3,500_5000,0_5,20_300,5_400,10_400,5_300
2026-02-22 03:26:22,9L15QH4,JD16ARL,1_0,A1B-A,Pass,5_200,5_200,5_200,0_10,0_3,500_5000,0_5,20_300,5_400,10_400,5_300
2026-02-22 03:27:00,DL15QH4,JD16ARL,1_0,A1B-A,Pass,5_200,5_200,5_200,0_10,0_3,500_5000,0_5,20_300,5_400,10_400,5_300
2026-02-22 03:27:35,FL15QH4,JD16ARL,1_0,A1B-A,Pass,5_200,5_200,5_200,0_10,0_3,500_5000,0_5,20_300,5_400,10_400,5_300
2026-02-22 03:29:21,6W16QH4,JD16DTKRK,1_0,A1B-A,Pass,5_200,5_200,5_200,0_10,0_3,500_5000,0_5,20_300,5_400,10_400,5_300
2026-02-22 03:34:05,CM15QH4,JD16ARL,1_0,A1B-A,Pass,5_200,5_200,5_200,0_10,0_3,500_5000,0_5,20_300,5_400,10_400,5_300
2026-02-22 03:34:47,BM15QH4,JD16ARL,1_0,A1B-A,Pass,5_200,5_200,5_200,0_10,0_3,500_5000,0_5,20_300,5_400,10_400,5_300
2026-02-22 03:36:22,GM15QH4,JD16ARL,1_0,A1B-A,Pass,5_200,5_200,5_200,0_10,0_3,500_5000,0_5,20_300,5_400,10_400,5_300
2026-02-22 03:39:15,DW16QH4,JD16DTKRK,1_0,A1B-A,Pass,5_200,5_200,5_200,0_10,0_3,500_5000,0_5,20_300,5_400,10_400,5_300
2026-02-22 03:43:56,HW45QH4,JD16ARL,1_0,A1B-A,Pass,5_200,5_200,5_200,0_10,0_3,500_5000,0_5,20_300,5_400,10_400,5_300
2026-02-22 03:44:34,1X45QH4,JD16ARL,1_0,A1B-A,Pass,5_200,5_200,5_200,0_10,0_3,500_5000,0_5,20_300,5_400,10_400,5_300
2026-02-22 03:45:43,3X45QH4,JD16ARL,1_0,A1B-A,Pass,5_200,5_200,5_200,0_10,0_3,500_5000,0_5,20_300,5_400,10_400,5_300
2026-02-22 03:47:47,1V95QH4,JD16ARL,1_0,A1B-A,Pass,5_200,5_200,5_200,0_10,0_3,500_5000,0_5,20_300,5_400,10_400,5_300
2026-02-22 03:49:35,FQW5QH4,JD16ARL,0_0,A1B-A,Pass,5_200,5_200,5_200,0_3,0_3,,,50_200,10_400,10_200,5_300
2026-02-22 03:50:10,B0Y5QH4,JD16ARL,1_0,A1B-A,Pass,5_200,5_200,5_200,0_10,0_3,500_5000,0_5,20_300,5_400,10_400,5_300
2026-02-22 03:50:48,HT95QH4,JD16ARL,1_0,A1B-A,Pass,5_200,5_200,5_200,0_10,0_3,500_5000,0_5,20_300,5_400,10_400,5_300
2026-02-22 03:52:37,CW45QH4,JD16ARL,1_0,A1B-A,Pass,5_200,5_200,5_200,0_10,0_3,500_5000,0_5,20_300,5_400,10_400,5_300
2026-02-22 03:53:13,G0Y5QH4,JD16ARL,1_0,A1B-A,Pass,5_200,5_200,5_200,0_10,0_3,500_5000,0_5,20_300,5_400,10_400,5_300
2026-02-22 03:53:52,BW45QH4,JD16ARL,1_0,A1B-A,Pass,5_200,5_200,5_200,0_10,0_3,500_5000,0_5,20_300,5_400,10_400,5_300
2026-02-22 03:57:26,FM15QH4,JD16ARL,1_0,A1B-A,Pass,5_200,5_200,5_200,0_10,0_3,500_5000,0_5,20_300,5_400,10_400,5_300
2026-02-22 04:04:52,C0B5QH4,JD16ARL,1_0,A1B-A,Pass,5_200,5_200,5_200,0_10,0_3,500_5000,0_5,20_300,5_400,10_400,5_300
2026-02-22 04:06:27,JQ25QH4,JD16ARL,1_0,A1B-A,Pass,5_200,5_200,5_200,0_10,0_3,500_5000,0_5,20_300,5_400,10_400,5_300
2026-02-22 04:07:08,HXT4QH4,JD16ARL,0_1,A1B-A,Pass,5_200,5_200,5_200,0_3,0_3,,,,10_400,10_400,5_300
2026-02-22 04:08:01,G2X5QH4,JD16ARL,1_1,A1B-A,Pass,5_200,5_200,5_200,0_10,0_3,500_5000,0_5,,10_400,10_200,5_300
2026-02-22 04:09:59,J2X5QH4,JD16ARL,1_1,A1B-A,Pass,5_200,5_200,5_200,0_10,0_3,500_5000,0_5,,10_400,10_200,5_300
2026-02-22 04:11:54,33X5QH4,JD16ARL,1_1,A1B-A,Pass,5_200,5_200,5_200,0_10,0_3,500_5000,0_5,,10_400,10_200,5_300
2026-02-22 04:13:27,52Y5QH4,JD16ARL,1_0,A1B-A,Pass,5_200,5_200,5_200,0_10,0_3,500_5000,0_5,20_300,5_400,10_400,5_300
2026-02-22 04:14:06,DLX5QH4,JD16ARL,0_0,A1B-A,Fail_Caps,5_200,5_200,5_200,0_3,0_3,,,50_200,10_400,10_200,5_300
2026-02-22 04:15:59,JLX5QH4,JD16ARL,0_0,A1B-A,Pass,5_200,5_200,5_200,0_3,0_3,,,50_200,10_400,10_200,5_300
2026-02-22 04:16:49,42Y5QH4,JD16ARL,1_0,A1B-A,Pass,5_200,5_200,5_200,0_10,0_3,500_5000,0_5,20_300,5_400,10_400,5_300
2026-02-22 04:18:10,4S16QH4,JD16ARL,1_0,A1B-A,Pass,5_200,5_200,5_200,0_10,0_3,500_5000,0_5,20_300,5_400,10_400,5_300
2026-02-22 04:18:48,4MX5QH4,JD16ARL,0_0,A1B-A,Pass,5_200,5_200,5_200,0_3,0_3,,,50_200,10_400,10_200,5_300
2026-02-22 04:19:24,6S16QH4,JD16ARL,1_0,A1B-A,Pass,5_200,5_200,5_200,0_10,0_3,500_5000,0_5,20_300,5_400,10_400,5_300
2026-02-22 04:20:00,9S16QH4,JD16ARL,1_0,A1B-A,Pass,5_200,5_200,5_200,0_10,0_3,500_5000,0_5,20_300,5_400,10_400,5_300
2026-02-22 04:20:36,GQ05QH4,JD16ARL,1_0,A1B-A,Pass,5_200,5_200,5_200,0_10,0_3,500_5000,0_5,20_300,5_400,10_400,5_300
2026-02-22 04:21:18,5BYLPH4,JD16ARL,1_1,A1B-A,Pass,5_200,5_200,5_200,0_10,0_3,500_5000,0_5,,10_400,10_200,5_300
2026-02-22 04:23:22,55Y5QH4,JD16ARL,0_0,A1B-A,Pass,5_200,5_200,5_200,0_3,0_3,,,50_200,10_400,10_200,5_300
2026-02-22 04:24:14,6M05QH4,JD16ARL,1_0,A1B-A,Pass,5_200,5_200,5_200,0_10,0_3,500_5000,0_5,20_300,5_400,10_400,5_300
2026-02-22 04:24:56,75Y5QH4,JD16ARL,0_0,A1B-A,Pass,5_200,5_200,5_200,0_3,0_3,,,50_200,10_400,10_200,5_300
2026-02-22 04:25:34,C5Y5QH4,JD16ARL,0_0,A1B-A,Pass,5_200,5_200,5_200,0_3,0_3,,,50_200,10_400,10_200,5_300
2026-02-22 04:29:30,50X5QH4,JD16ARLVSC,1_1,A1B-A,Pass,5_200,5_200,5_200,0_10,0_3,500_5000,0_5,,10_400,10_200,5_300
2026-02-22 04:30:12,70X5QH4,JD16ARLVSC,1_1,A1B-A,Pass,5_200,5_200,5_200,0_10,0_3,500_5000,0_5,,10_400,10_200,5_300
2026-02-22 04:30:50,1M9LPH4,JD16ARL,0_0,A1B-A,Pass,5_200,5_200,5_200,0_3,0_3,,,50_200,10_400,10_200,5_300
2026-02-22 04:32:54,D0X5QH4,JD16ARLVSC,1_1,A1B-A,Pass,5_200,5_200,5_200,0_10,0_3,500_5000,0_5,,10_400,10_200,5_300
2026-02-22 04:33:56,G0X5QH4,JD16ARLVSC,1_1,A1B-A,Pass,5_200,5_200,5_200,0_10,0_3,500_5000,0_5,,10_400,10_200,5_300
2026-02-22 04:36:23,J0X5QH4,JD16ARLVSC,1_1,A1B-A,Pass,5_200,5_200,5_200,0_10,0_3,500_5000,0_5,,10_400,10_200,5_300
2026-02-22 04:38:19,1WS5QH4,JD16ARLVSC,1_1,A1B-A,Pass,5_200,5_200,5_200,0_10,0_3,500_5000,0_5,,10_400,10_200,5_300
2026-02-22 04:38:53,2WS5QH4,JD16ARLVSC,1_1,A1B-A,Pass,5_200,5_200,5_200,0_10,0_3,500_5000,0_5,,10_400,10_200,5_300
2026-02-22 04:39:33,4WS5QH4,JD16ARLVSC,1_1,A1B-A,Pass,5_200,5_200,5_200,0_10,0_3,500_5000,0_5,,10_400,10_200,5_300
2026-02-22 04:41:15,6WS5QH4,JD16ARLVSC,1_1,A1B-A,Pass,5_200,5_200,5_200,0_10,0_3,500_5000,0_5,,10_400,10_200,5_300
2026-02-22 04:42:42,HXT4QH4,JD16ARL,0_1,A1B-A,Pass,5_200,5_200,5_200,0_3,0_3,,,,10_400,10_400,5_300
2026-02-22 05:35:25,DWS5QH4,JD16ARLVSC,1_1,A1B-A,Pass,5_200,5_200,5_200,0_10,0_3,500_5000,0_5,,10_400,10_200,5_300
2026-02-22 05:35:59,9WS5QH4,JD16ARLVSC,1_1,A1B-A,Pass,5_200,5_200,5_200,0_10,0_3,500_5000,0_5,,10_400,10_200,5_300
2026-02-22 05:37:33,HWS5QH4,JD16ARLVSC,1_1,A1B-A,Pass,5_200,5_200,5_200,0_10,0_3,500_5000,0_5,,10_400,10_200,5_300
2026-02-22 05:38:31,2XS5QH4,JD16ARLVSC,1_1,A1B-A,Fail_KBlight,5_200,5_200,5_200,0_10,0_3,500_5000,0_5,,10_400,10_200,5_300
2026-02-22 05:39:06,6XS5QH4,JD16ARLVSC,1_1,A1B-A,Pass,5_200,5_200,5_200,0_10,0_3,500_5000,0_5,,10_400,10_200,5_300
2026-02-22 05:39:46,8XS5QH4,JD16ARLVSC,1_1,A1B-A,Pass,5_200,5_200,5_200,0_10,0_3,500_5000,0_5,,10_400,10_200,5_300
2026-02-22 05:41:01,GVS5QH4,JD16ARLVSC,1_1,A1B-A,Pass,5_200,5_200,5_200,0_10,0_3,500_5000,0_5,,10_400,10_200,5_300
2026-02-22 05:52:16,2YS5QH4,JD16ARLVSC,1_1,A1B-A,Pass,5_200,5_200,5_200,0_10,0_3,500_5000,0_5,,10_400,10_200,5_300
2026-02-22 05:53:45,CXS5QH4,JD16ARLVSC,1_1,A1B-A,Pass,5_200,5_200,5_200,0_10,0_3,500_5000,0_5,,10_400,10_200,5_300
2026-02-22 06:03:11,D2V5QH4,JD16ARLVSC,1_1,A1B-A,Fail_KBlight,5_200,5_200,5_200,0_10,0_3,500_5000,0_5,,10_400,10_200,5_300
2026-02-22 06:07:21,G2V5QH4,JD16ARLVSC,1_1,A1B-A,Pass,5_200,5_200,5_200,0_10,0_3,500_5000,0_5,,10_400,10_200,5_300
2026-02-22 06:07:58,B5Y5QH4,JD16ARL,0_0,A1B-A,Pass,5_200,5_200,5_200,0_3,0_3,,,50_200,10_400,10_200,5_300
2026-02-22 06:08:37,33V5QH4,JD16ARLVSC,1_1,A1B-A,Pass,5_200,5_200,5_200,0_10,0_3,500_5000,0_5,,10_400,10_200,5_300
2026-02-22 06:09:31,43V5QH4,JD16ARLVSC,1_1,A1B-A,Pass,5_200,5_200,5_200,0_10,0_3,500_5000,0_5,,10_400,10_200,5_300
2026-02-22 06:15:42,7QY4QH4,JD16ARLVPR,1_0,A1B-A,Pass,5_200,5_200,5_200,0_10,0_3,500_5000,0_5,20_300,5_400,10_400,5_300
2026-02-22 06:16:19,8QY4QH4,JD16ARLVPR,1_0,A1B-A,Pass,5_200,5_200,5_200,0_10,0_3,500_5000,0_5,20_300,5_400,10_400,5_300
2026-02-22 06:16:59,JXS5QH4,JD16ARLVSC,1_1,A1B-A,Pass,5_200,5_200,5_200,0_10,0_3,500_5000,0_5,,10_400,10_200,5_300
2026-02-22 06:17:52,D465QH4,JD16ARLVPR,1_0,A1B-A,Pass,5_200,5_200,5_200,0_10,0_3,500_5000,0_5,20_300,5_400,10_400,5_300
2026-02-22 06:18:30,F465QH4,JD16ARLVPR,1_0,A1B-A,Pass,5_200,5_200,5_200,0_10,0_3,500_5000,0_5,20_300,5_400,10_400,5_300
2026-02-22 06:19:11,HRK5QH4,JD16ARLVPR,1_1,A1B-A,Pass,5_200,5_200,5_200,0_10,0_3,500_5000,0_5,,10_400,10_200,5_300
2026-02-22 06:19:46,JRW4QH4,JD16ARLVPR,1_0,A1B-A,Pass,5_200,5_200,5_200,0_10,0_3,500_5000,0_5,20_300,5_400,10_400,5_300
2026-02-22 06:20:32,4N15QH4,JD16ARL,1_0,A1B-A,Pass,5_200,5_200,5_200,0_10,0_3,500_5000,0_5,20_300,5_400,10_400,5_300
2026-02-22 06:25:07,2R05QH4,JD16ARL,1_0,A1B-A,Pass,5_200,5_200,5_200,0_10,0_3,500_5000,0_5,20_300,5_400,10_400,5_300
2026-02-22 06:25:42,6FQ4QH4,JD16ARLVPR,1_0,A1B-A,Pass,5_200,5_200,5_200,0_10,0_3,500_5000,0_5,20_300,5_400,10_400,5_300
2026-02-22 06:28:37,8C16QH4,JD16ARL,1_0,A1B-A,Pass,5_200,5_200,5_200,0_10,0_3,500_5000,0_5,20_300,5_400,10_400,5_300
2026-02-22 06:29:39,FFQ4QH4,JD16ARLVPR,1_0,A1B-A,Pass,5_200,5_200,5_200,0_10,0_3,500_5000,0_5,20_300,5_400,10_400,5_300
2026-02-22 06:33:39,1GQ4QH4,JD16ARLVPR,1_0,A1B-A,Fail_Caps,5_200,5_200,5_200,0_10,0_3,500_5000,0_5,20_300,5_400,10_400,5_300
2026-02-22 06:34:15,6GQ4QH4,JD16ARLVPR,1_0,A1B-A,Pass,5_200,5_200,5_200,0_10,0_3,500_5000,0_5,20_300,5_400,10_400,5_300
2026-02-22 06:34:51,5GQ4QH4,JD16ARLVPR,1_0,A1B-A,Pass,5_200,5_200,5_200,0_10,0_3,500_5000,0_5,20_300,5_400,10_400,5_300
2026-02-22 06:35:26,8GQ4QH4,JD16ARLVPR,1_0,A1B-A,Pass,5_200,5_200,5_200,0_10,0_3,500_5000,0_5,20_300,5_400,10_400,5_300
2026-02-22 06:36:03,CFQ4QH4,JD16ARLVPR,1_0,A1B-A,Pass,5_200,5_200,5_200,0_10,0_3,500_5000,0_5,20_300,5_400,10_400,5_300
2026-02-22 06:36:39,DGQ4QH4,JD16ARLVPR,1_0,A1B-A,Pass,5_200,5_200,5_200,0_10,0_3,500_5000,0_5,20_300,5_400,10_400,5_300
2026-02-22 06:37:15,BGQ4QH4,JD16ARLVPR,1_0,A1B-A,Pass,5_200,5_200,5_200,0_10,0_3,500_5000,0_5,20_300,5_400,10_400,5_300
2026-02-22 06:38:14,JS35QH4,JD16ARLVPR,1_0,A1B-A,Pass,5_200,5_200,5_200,0_10,0_3,500_5000,0_5,20_300,5_400,10_400,5_300
2026-02-22 06:38:50,1T35QH4,JD16ARLVPR,1_0,A1B-A,Pass,5_200,5_200,5_200,0_10,0_3,500_5000,0_5,20_300,5_400,10_400,5_300
2026-02-22 06:39:28,4T35QH4,JD16ARLVPR,1_0,A1B-A,Pass,5_200,5_200,5_200,0_10,0_3,500_5000,0_5,20_300,5_400,10_400,5_300
2026-02-22 06:41:28,3T35QH4,JD16ARLVPR,1_0,A1B-A,Pass,5_200,5_200,5_200,0_10,0_3,500_5000,0_5,20_300,5_400,10_400,5_300
2026-02-22 06:42:14,BT35QH4,JD16ARLVPR,1_0,A1B-A,Pass,5_200,5_200,5_200,0_10,0_3,500_5000,0_5,20_300,5_400,10_400,5_300
2026-02-22 06:43:25,JFQ4QH4,JD16ARLVPR,1_0,A1B-A,Pass,5_200,5_200,5_200,0_10,0_3,500_5000,0_5,20_300,5_400,10_400,5_300
2026-02-22 06:44:48,GT35QH4,JD16ARLVPR,1_0,A1B-A,Pass,5_200,5_200,5_200,0_10,0_3,500_5000,0_5,20_300,5_400,10_400,5_300
2026-02-22 06:45:29,1V35QH4,JD16ARLVPR,1_0,A1B-A,Pass,5_200,5_200,5_200,0_10,0_3,500_5000,0_5,20_300,5_400,10_400,5_300
2026-02-22 06:48:09,7V35QH4,JD16ARLVPR,1_0,A1B-A,Pass,5_200,5_200,5_200,0_10,0_3,500_5000,0_5,20_300,5_400,10_400,5_300
2026-02-22 06:48:46,8T35QH4,JD16ARLVPR,1_0,A1B-A,Pass,5_200,5_200,5_200,0_10,0_3,500_5000,0_5,20_300,5_400,10_400,5_300
2026-02-22 06:52:08,82K5QH4,JD16ARLVPR,1_0,A1B-A,Pass,5_200,5_200,5_200,0_10,0_3,500_5000,0_5,20_300,5_400,10_400,5_300
2026-02-22 06:53:13,C2K5QH4,JD16ARLVPR,1_0,A1B-A,Pass,5_200,5_200,5_200,0_10,0_3,500_5000,0_5,20_300,5_400,10_400,5_300
2026-02-22 06:53:47,F2K5QH4,JD16ARLVPR,1_0,A1B-A,Pass,5_200,5_200,5_200,0_10,0_3,500_5000,0_5,20_300,5_400,10_400,5_300
2026-02-22 06:54:44,J2K5QH4,JD16ARLVPR,1_0,A1B-A,Pass,5_200,5_200,5_200,0_10,0_3,500_5000,0_5,20_300,5_400,10_400,5_300
2026-02-22 06:55:21,C7L5QH4,JD16ARLVPR,1_0,A1B-A,Pass,5_200,5_200,5_200,0_10,0_3,500_5000,0_5,20_300,5_400,10_400,5_300
2026-02-22 06:57:03,CML5QH4,JD16ARLVPR,0_0,A1B-A,Pass,5_200,5_200,5_200,0_3,0_3,,,50_200,10_400,10_200,5_300
2026-02-22 06:57:39,BV35QH4,JD16ARLVPR,1_0,A1B-A,Pass,5_200,5_200,5_200,0_10,0_3,500_5000,0_5,20_300,5_400,10_400,5_300
2026-02-22 06:58:38,8K15QH4,JD16ARLVPR,1_0,A1B-A,Pass,5_200,5_200,5_200,0_10,0_3,500_5000,0_5,20_300,5_400,10_400,5_300
2026-02-22 06:59:13,H2K5QH4,JD16ARLVPR,1_0,A1B-A,Pass,5_200,5_200,5_200,0_10,0_3,500_5000,0_5,20_300,5_400,10_400,5_300
2026-02-22 07:05:55,J2V5QH4,JD16ARLVSC,1_1,A1B-A,Pass,5_200,5_200,5_200,0_10,0_3,500_5000,0_5,,10_400,10_200,5_300
2026-02-22 07:10:31,9PH6QH4,JD16ARL,1_0,A1B-A,Pass,5_200,5_200,5_200,0_10,0_3,500_5000,0_5,20_300,5_400,10_400,5_300
2026-02-22 07:12:03,BPH6QH4,JD16ARL,1_0,A1B-A,Fail_Charge-white,5_200,5_200,5_200,0_10,0_3,500_5000,0_5,20_300,5_400,10_400,5_300
2026-02-22 07:12:41,FPH6QH4,JD16ARL,1_0,A1B-A,Pass,5_200,5_200,5_200,0_10,0_3,500_5000,0_5,20_300,5_400,10_400,5_300
2026-02-22 07:13:16,JPH6QH4,JD16ARL,1_0,A1B-A,Pass,5_200,5_200,5_200,0_10,0_3,500_5000,0_5,20_300,5_400,10_400,5_300
2026-02-22 07:14:19,7PH6QH4,JD16ARL,1_0,A1B-A,Pass,5_200,5_200,5_200,0_10,0_3,500_5000,0_5,20_300,5_400,10_400,5_300
2026-02-22 07:21:01,3ML6QH4,JD16ARLVPR,1_0,A1B-A,Pass,5_200,5_200,5_200,0_10,0_3,500_5000,0_5,20_300,5_400,10_400,5_300
2026-02-22 07:21:36,5ML6QH4,JD16ARLVPR,1_0,A1B-A,Pass,5_200,5_200,5_200,0_10,0_3,500_5000,0_5,20_300,5_400,10_400,5_300
2026-02-22 07:22:42,9ML6QH4,JD16ARLVPR,1_0,A1B-A,Pass,5_200,5_200,5_200,0_10,0_3,500_5000,0_5,20_300,5_400,10_400,5_300
2026-02-22 07:23:19,8ML6QH4,JD16ARLVPR,1_0,A1B-A,Pass,5_200,5_200,5_200,0_10,0_3,500_5000,0_5,20_300,5_400,10_400,5_300
2026-02-22 07:23:55,BML6QH4,JD16ARLVPR,1_0,A1B-A,Pass,5_200,5_200,5_200,0_10,0_3,500_5000,0_5,20_300,5_400,10_400,5_300
2026-02-22 07:24:33,DML6QH4,JD16ARLVPR,1_0,A1B-A,Pass,5_200,5_200,5_200,0_10,0_3,500_5000,0_5,20_300,5_400,10_400,5_300
2026-02-22 07:25:09,HML6QH4,JD16ARLVPR,1_0,A1B-A,Pass,5_200,5_200,5_200,0_10,0_3,500_5000,0_5,20_300,5_400,10_400,5_300
2026-02-22 07:25:44,1NL6QH4,JD16ARLVPR,1_0,A1B-A,Pass,5_200,5_200,5_200,0_10,0_3,500_5000,0_5,20_300,5_400,10_400,5_300
2026-02-22 07:26:19,2NL6QH4,JD16ARLVPR,1_0,A1B-A,Pass,5_200,5_200,5_200,0_10,0_3,500_5000,0_5,20_300,5_400,10_400,5_300
2026-02-22 07:26:55,3NL6QH4,JD16ARLVPR,1_0,A1B-A,Pass,5_200,5_200,5_200,0_10,0_3,500_5000,0_5,20_300,5_400,10_400,5_300
2026-02-22 07:28:25,7NL6QH4,JD16ARLVPR,1_0,A1B-A,Pass,5_200,5_200,5_200,0_10,0_3,500_5000,0_5,20_300,5_400,10_400,5_300
2026-02-22 07:29:41,FV35QH4,JD16ARLVPR,1_0,A1B-A,Pass,5_200,5_200,5_200,0_10,0_3,500_5000,0_5,20_300,5_400,10_400,5_300
2026-02-22 07:30:22,2CM6QH4,JD16ARLVPR,1_0,A1B-A,Pass,5_200,5_200,5_200,0_10,0_3,500_5000,0_5,20_300,5_400,10_400,5_300
2026-02-22 07:30:58,3CM6QH4,JD16ARLVPR,1_0,A1B-A,Pass,5_200,5_200,5_200,0_10,0_3,500_5000,0_5,20_300,5_400,10_400,5_300
2026-02-22 07:31:35,5CM6QH4,JD16ARLVPR,1_0,A1B-A,Pass,5_200,5_200,5_200,0_10,0_3,500_5000,0_5,20_300,5_400,10_400,5_300
2026-02-22 07:32:43,8CM6QH4,JD16ARLVPR,1_0,A1B-A,Pass,5_200,5_200,5_200,0_10,0_3,500_5000,0_5,20_300,5_400,10_400,5_300
2026-02-22 07:36:41,DCM6QH4,JD16ARLVPR,1_0,A1B-A,Pass,5_200,5_200,5_200,0_10,0_3,500_5000,0_5,20_300,5_400,10_400,5_300
2026-02-22 07:38:48,JCM6QH4,JD16ARLVPR,1_0,A1B-A,Pass,5_200,5_200,5_200,0_10,0_3,500_5000,0_5,20_300,5_400,10_400,5_300
2026-02-22 07:40:11,2DM6QH4,JD16ARLVPR,1_0,A1B-A,Fail_Charge-white_Charge-yellow,5_200,5_200,5_200,0_10,0_3,500_5000,0_5,20_300,5_400,10_400,5_300
2026-02-22 07:40:40,3DM6QH4,JD16ARLVPR,1_0,A1B-A,Pass,5_200,5_200,5_200,0_10,0_3,500_5000,0_5,20_300,5_400,10_400,5_300
2026-02-22 07:41:23,83C5QH4,JD16ARLVPR,1_1,A1B-A,Pass,5_200,5_200,5_200,0_10,0_3,500_5000,0_5,,10_400,10_200,5_300
2026-02-22 07:42:45,7DM6QH4,JD16ARLVPR,1_0,A1B-A,Pass,5_200,5_200,5_200,0_10,0_3,500_5000,0_5,20_300,5_400,10_400,5_300
2026-02-22 07:44:12,4CB5QH4,JD16ARLVPR,1_1,A1B-A,Pass,5_200,5_200,5_200,0_10,0_3,500_5000,0_5,,10_400,10_200,5_300
2026-02-22 07:44:48,DDM6QH4,JD16ARLVPR,1_0,A1B-A,Pass,5_200,5_200,5_200,0_10,0_3,500_5000,0_5,20_300,5_400,10_400,5_300
2026-02-22 07:45:26,FDM6QH4,JD16ARLVPR,1_0,A1B-A,Pass,5_200,5_200,5_200,0_10,0_3,500_5000,0_5,20_300,5_400,10_400,5_300
2026-02-22 08:01:40,BCM6QH4,JD16ARLVPR,1_0,A1B-A,Pass,5_200,5_200,5_200,0_10,0_3,500_5000,0_5,20_300,5_400,10_400,5_300
2026-02-22 08:02:35,1FM6QH4,JD16ARLVPR,1_0,A1B-A,Pass,5_200,5_200,5_200,0_10,0_3,500_5000,0_5,20_300,5_400,10_400,5_300
2026-02-22 08:03:11,2FM6QH4,JD16ARLVPR,1_0,A1B-A,Pass,5_200,5_200,5_200,0_10,0_3,500_5000,0_5,20_300,5_400,10_400,5_300
2026-02-22 08:03:47,3FM6QH4,JD16ARLVPR,1_0,A1B-A,Pass,5_200,5_200,5_200,0_10,0_3,500_5000,0_5,20_300,5_400,10_400,5_300
2026-02-22 08:04:23,4FM6QH4,JD16ARLVPR,1_0,A1B-A,Pass,5_200,5_200,5_200,0_10,0_3,500_5000,0_5,20_300,5_400,10_400,5_300
2026-02-22 08:06:40,CQY4QH4,JD16ARLVPR,1_0,A1B-A,Pass,5_200,5_200,5_200,0_10,0_3,500_5000,0_5,20_300,5_400,10_400,5_300
2026-02-22 08:07:16,CFM6QH4,JD16ARLVPR,1_0,A1B-A,Pass,5_200,5_200,5_200,0_10,0_3,500_5000,0_5,20_300,5_400,10_400,5_300
2026-02-22 08:07:51,DFM6QH4,JD16ARLVPR,1_0,A1B-A,Pass,5_200,5_200,5_200,0_10,0_3,500_5000,0_5,20_300,5_400,10_400,5_300
2026-02-22 08:08:31,DXS5QH4,JD16ARLVSC,1_1,A1B-A,Pass,5_200,5_200,5_200,0_10,0_3,500_5000,0_5,,10_400,10_200,5_300
2026-02-22 08:13:59,F2V5QH4,JD16ARLVSC,1_1,A1B-A,Pass,5_200,5_200,5_200,0_10,0_3,500_5000,0_5,,10_400,10_200,5_300
2026-02-22 08:15:11,DLL6QH4,JD16ARLVPR,1_0,A1B-A,Fail_Power,5_200,5_200,5_200,0_10,0_3,500_5000,0_5,20_300,5_400,10_400,5_300
2026-02-22 10:05:37,4QH6QH4,JD16ARL,1_0,A1B-A,Pass,5_200,5_200,5_200,0_10,0_3,500_5000,0_5,20_300,5_400,10_400,5_300
2026-02-22 10:06:06,FCM6QH4,JD16ARLVPR,1_0,A1B-A,Pass,5_200,5_200,5_200,0_10,0_3,500_5000,0_5,20_300,5_400,10_400,5_300
